{"cameraMode":{"drawMode":0,"name":"Shaded","section":"Shading Mode"},"sceneLighting":true,"audioPlay":false,"sceneViewState":{"showFog":true,"showMaterialUpdate":false,"showSkybox":true,"showFlares":true,"showImageEffects":true,"showParticleSystems":true},"in2DMode":false,"pivot":{"x":-0.023707732558250428,"y":0.2234555333852768,"z":-0.018883466720581056},"rotation":{"x":-0.023649800568819047,"y":0.9762860536575317,"z":-0.14636296033859254,"w":-0.15775220096111298},"size":0.3632153272628784,"orthographic":false}